arch,eps,auroc,auprc,mean_width
CNN+BN,0.01,0.8256845841784991,0.5277699030204249,0.13669085276913476
CNN+BN,0.02,0.8235294117647058,0.4902493651444627,0.12885836800374226
CNN+BN,0.05,0.8144016227180528,0.48152320073131577,0.13256507394292177
ResNet+BN,0.01,0.7223896590985198,0.31630125639809725,0.5115381116800383
ResNet+BN,0.02,0.7227915076016341,0.32199877362570845,0.51142460070402
ResNet+BN,0.05,0.7461656955327841,0.3696222775818403,0.5260994087071468
