depth,n_params,accuracy,naive_auroc,naive_margin_auroc,naive_mean_width,naive_max_width,ra_auroc,ra_mean_width,ra_max_width,ra_n_reanchors,mc_auroc
2,203530,0.982,0.54469336954062,0.8763294863091196,51.99097963258578,63.491238514907764,0.8857773251866938,0.7976143352861663,0.7976143352861719,1,0.5262493195427327
4,242762,0.984,0.4346417682926829,0.4874872967479675,355.9587345012524,433.58284440165863,0.8829395325203251,0.14801057437862472,0.14801057437863036,3,0.4379769736842105
6,275786,0.981,0.3696013734642416,0.5221310156124255,2236.354947308068,3010.1164160887197,0.8417833574762594,0.11465112594224057,0.11465112594224731,5,0.47064766539219094
8,308810,0.971,0.4311942895699421,0.5713626194112007,13951.4104446432,21899.139282619977,0.8553570794417416,0.10905678949365381,0.10905678949365782,7,0.4047616155481324
10,341834,0.973,0.3849872482966008,0.5039777701648205,96433.20387410784,168331.64939541143,0.9045335160443073,0.1003755522018185,0.10037555220182295,9,0.37797643456628127
12,374858,0.98,0.38260204081632654,0.5044387755102041,638128.1934757612,1100636.6778325064,0.8513775510204081,0.09733721362547688,0.09733721362548113,11,0.13189677091278923
