{
  "diagnostics": {
    "crown_only_count": 15,
    "neither_count": 10,
    "both_count": 175,
    "crown_only": [
      {
        "idx": 9,
        "true_label": 9,
        "predicted": 9,
        "correct": true,
        "ibp_certified": false,
        "crown_certified": true,
        "ibp_max_width": 2.436274256178743,
        "crown_max_width": 1.226505086286473,
        "ibp_margin": -1.8341466225332117,
        "crown_margin": -0.8260886671006639,
        "width_reduction": 0.49656526428587455,
        "ibp_layer_widths": [
          0.01999999999999996,
          0.025491525190095628,
          0.002846089281362837,
          0.0044189178920211025,
          0.7027360161859845,
          0.534394798087601,
          0.7666954499258721,
          0.7666954499258721,
          1.1592941787207114,
          0.8966686873183818,
          2.152517717778854
        ]
      },
      {
        "idx": 20,
        "true_label": 9,
        "predicted": 9,
        "correct": true,
        "ibp_certified": false,
        "crown_certified": true,
        "ibp_max_width": 2.0336266334357482,
        "crown_max_width": 1.1043574935632647,
        "ibp_margin": -1.8819694547584622,
        "crown_margin": -0.9798406770178008,
        "width_reduction": 0.4569516963408925,
        "ibp_layer_widths": [
          0.019999999999999962,
          0.025491525190095635,
          0.0028146917493501265,
          0.0043416700984759094,
          0.6743877014560018,
          0.5007840027562934,
          0.6907127776082029,
          0.6907127776082029,
          1.0392885380992904,
          0.7857682984100094,
          1.8127124455745682
        ]
      },
      {
        "idx": 22,
        "true_label": 6,
        "predicted": 6,
        "correct": true,
        "ibp_certified": false,
        "crown_certified": true,
        "ibp_max_width": 2.0398701291966264,
        "crown_max_width": 1.062819392000511,
        "ibp_margin": -1.9803286347673046,
        "crown_margin": -0.8912565243571376,
        "width_reduction": 0.47897693250742046,
        "ibp_layer_widths": [
          0.01999999999999998,
          0.025491525190095652,
          0.0027541518574576004,
          0.004343342327992052,
          0.683771021135624,
          0.5050893902700256,
          0.7225930862175602,
          0.7225930862175602,
          1.021286920836007,
          0.8661698561307467,
          1.8140832606197552
        ]
      },
      {
        "idx": 59,
        "true_label": 5,
        "predicted": 5,
        "correct": true,
        "ibp_certified": false,
        "crown_certified": true,
        "ibp_max_width": 1.9920038969889613,
        "crown_max_width": 1.029963934903173,
        "ibp_margin": -1.619986315489572,
        "crown_margin": -0.7200571829641307,
        "width_reduction": 0.482950843389399,
        "ibp_layer_widths": [
          0.02,
          0.025491525190095683,
          0.002728817230025232,
          0.004116839927441708,
          0.6272506963981034,
          0.49242797671851357,
          0.6711385176796147,
          0.6711385176796147,
          0.9385024265925315,
          0.7608294234764316,
          1.7841668679865041
        ]
      },
      {
        "idx": 62,
        "true_label": 9,
        "predicted": 9,
        "correct": true,
        "ibp_certified": false,
        "crown_certified": true,
        "ibp_max_width": 1.6741020085894367,
        "crown_max_width": 0.874505874054474,
        "ibp_margin": -1.43400476298088,
        "crown_margin": -0.6541582596973663,
        "width_reduction": 0.4776268891814338,
        "ibp_layer_widths": [
          0.02,
          0.025491525190095683,
          0.00256160814045435,
          0.0036698775096110615,
          0.5472273561629346,
          0.42013361449315934,
          0.5696336664687743,
          0.5696336664687743,
          0.7809262756711918,
          0.6478373184751011,
          1.5039213984074171
        ]
      },
      {
        "idx": 66,
        "true_label": 6,
        "predicted": 6,
        "correct": true,
        "ibp_certified": false,
        "crown_certified": true,
        "ibp_max_width": 1.9344197251600121,
        "crown_max_width": 1.104976599447308,
        "ibp_margin": -1.7488611418441824,
        "crown_margin": -0.7820307473003218,
        "width_reduction": 0.4287813626611432,
        "ibp_layer_widths": [
          0.019999999999999976,
          0.025491525190095655,
          0.002650012122839942,
          0.004223893469663471,
          0.6596973613166558,
          0.47519936131311696,
          0.6840776153586083,
          0.6840776153586083,
          0.9225902925881635,
          0.8176090763385648,
          1.7603679281944866
        ]
      },
      {
        "idx": 77,
        "true_label": 2,
        "predicted": 2,
        "correct": true,
        "ibp_certified": false,
        "crown_certified": true,
        "ibp_max_width": 2.039695298765304,
        "crown_max_width": 1.1613248623575467,
        "ibp_margin": -1.7064316518770353,
        "crown_margin": -0.7362891216544134,
        "width_reduction": 0.4306380648812911,
        "ibp_layer_widths": [
          0.01999999999999999,
          0.025491525190095666,
          0.0028044370659817295,
          0.004321069240653551,
          0.6807794084754941,
          0.5174109041702863,
          0.7458028336996012,
          0.7458028336996012,
          0.99214180641789,
          0.8128585218739431,
          1.9036579195908025
        ]
      },
      {
        "idx": 87,
        "true_label": 3,
        "predicted": 3,
        "correct": true,
        "ibp_certified": false,
        "crown_certified": true,
        "ibp_max_width": 2.7231163271612666,
        "crown_max_width": 1.3910190185900015,
        "ibp_margin": -2.4302515575757724,
        "crown_margin": -1.0534085880636452,
        "width_reduction": 0.4891811984983837,
        "ibp_layer_widths": [
          0.01999999999999997,
          0.025491525190095638,
          0.0029187987237019298,
          0.004698881238717126,
          0.761251477082994,
          0.5718484691390301,
          0.8474022324691268,
          0.8474022324691268,
          1.1565295035145753,
          1.0042762059246035,
          2.4832245063265015
        ]
      },
      {
        "idx": 95,
        "true_label": 4,
        "predicted": 4,
        "correct": true,
        "ibp_certified": false,
        "crown_certified": true,
        "ibp_max_width": 2.4165137347761347,
        "crown_max_width": 1.2267372787421487,
        "ibp_margin": -2.0733443517404413,
        "crown_margin": -0.9102158398440416,
        "width_reduction": 0.49235244927925337,
        "ibp_layer_widths": [
          0.019999999999999938,
          0.025491525190095593,
          0.0027540010943960134,
          0.00443861784892318,
          0.7149468571474592,
          0.5329011446237905,
          0.7807873631842724,
          0.7807873631842724,
          1.1164280825210664,
          0.9792851521567176,
          2.2075525491254626
        ]
      },
      {
        "idx": 119,
        "true_label": 2,
        "predicted": 2,
        "correct": true,
        "ibp_certified": false,
        "crown_certified": true,
        "ibp_max_width": 2.508416076463596,
        "crown_max_width": 1.265806527616503,
        "ibp_margin": -2.1300386796878845,
        "crown_margin": -0.9211443415525284,
        "width_reduction": 0.49537617004868795,
        "ibp_layer_widths": [
          0.019999999999999962,
          0.025491525190095628,
          0.002773577083881607,
          0.004353175618526283,
          0.6888472033384322,
          0.5182622638392796,
          0.7601525553995115,
          0.7601525553995115,
          1.0820435804491737,
          0.9883045908528386,
          2.317943672787883
        ]
      },
      {
        "idx": 125,
        "true_label": 9,
        "predicted": 9,
        "correct": true,
        "ibp_certified": false,